county,original,decoded,status,final
Alcona,//duckduckgo.com/l/?uddg=https%3A%2F%2Fbeacon.schneidercorp.com%2F%3Fsite%3DAlconaCountyMI&rut=176f71b72305e8fb5b581224996b83b02c6d60edc2410ab00aeb67f7bb197dcf,https://beacon.schneidercorp.com/?site=AlconaCountyMI,403,https://beacon.schneidercorp.com/?site=AlconaCountyMI
Alger,//duckduckgo.com/l/?uddg=https%3A%2F%2Fwww.countyoffice.org%2Fmi%2Dalger%2Dcounty%2Dgis%2Dmaps%2F&rut=1649e4c13332f0ad4094009aaa5ea245da56f1178af428f420af3f6658aad702,https://www.countyoffice.org/mi-alger-county-gis-maps/,403,https://www.countyoffice.org/mi-alger-county-gis-maps/
Allegan,//duckduckgo.com/l/?uddg=https%3A%2F%2Fgis.allegancounty.org%2Fportal%2Fapps%2Fwebappviewer%2Findex.html%3Fid%3D1df7bb10376c4aa58236914ac0680650&rut=22686455325fd2801ea610a552e4fca29640e86a8ebbb7942114a146ec61a37f,https://gis.allegancounty.org/portal/apps/webappviewer/index.html?id=1df7bb10376c4aa58236914ac0680650,200,https://gis.allegancounty.org/portal/apps/webappviewer/index.html?id=1df7bb10376c4aa58236914ac0680650
Alpena,//duckduckgo.com/l/?uddg=https%3A%2F%2Falpenacounty.org%2F240%2FEqualization%2DOffice&rut=b55d68d024176771a13981b5e85a492efe236afa3184fd86b86d69667682d5d1,https://alpenacounty.org/240/Equalization-Office,200,https://alpenacounty.org/240/Equalization-Office
Antrim,//duckduckgo.com/l/?uddg=https%3A%2F%2Fantrimcounty.maps.arcgis.com%2Fapps%2Fwebappviewer%2Findex.html%3Fid%3D45d02244ef1b4e67ac47a4cd348d88b8&rut=fcff749a2d639f94f3a2b5d04f635bbf5e65033687782c3bcbd4e8b3e90155e7,https://antrimcounty.maps.arcgis.com/apps/webappviewer/index.html?id=45d02244ef1b4e67ac47a4cd348d88b8,200,https://antrimcounty.maps.arcgis.com/apps/webappviewer/index.html?id=45d02244ef1b4e67ac47a4cd348d88b8
Arenac,//duckduckgo.com/l/?uddg=https%3A%2F%2Fexperience.arcgis.com%2Fexperience%2F5789212c1fb946ebb83ca42b4478f5b8&rut=36a5f0a33924f9a388bf624ac69f08d61d3892b64226aba2e26efc6597a2f766,https://experience.arcgis.com/experience/5789212c1fb946ebb83ca42b4478f5b8,200,https://experience.arcgis.com/experience/5789212c1fb946ebb83ca42b4478f5b8
Baraga,//duckduckgo.com/l/?uddg=https%3A%2F%2Fwww.countyoffice.org%2Fmi%2Dbaraga%2Dcounty%2Dgis%2Dmaps%2F&rut=bca0b343daf52433c6a11e02a91cb9f89e5ecf2a94e83409669dc6868af72bb8,https://www.countyoffice.org/mi-baraga-county-gis-maps/,403,https://www.countyoffice.org/mi-baraga-county-gis-maps/
Barry,//duckduckgo.com/l/?uddg=https%3A%2F%2Fwww.barrycounty.org%2Fproperty_search%2Findex.php&rut=3abec65e645f49cf0781b815b75e71dc24c942e5b57da109ff564cd0057a37b2,https://www.barrycounty.org/property_search/index.php,200,https://www.barrycounty.org/property_search/index.php
Bay,//duckduckgo.com/l/?uddg=https%3A%2F%2Fwww.baycountymi.gov%2Fdepartments%2Fgeographic_information_systems_(gis)%2Findex.php&rut=7db4116731c66ab46d05533ab8babf060de24cdaf114d25065df85022b866e14,https://www.baycountymi.gov/departments/geographic_information_systems_(gis)/index.php,200,https://www.baycountymi.gov/departments/geographic_information_systems_(gis)/index.php
Benzie,//duckduckgo.com/l/?uddg=https%3A%2F%2Fwww.benzieco.gov%2Fgovernment%2Fequalization%2Findex.php&rut=92628eec943577b94d66145483f640b097829174230f9843e1ca7f0958f2ca6a,https://www.benzieco.gov/government/equalization/index.php,200,https://www.benzieco.gov/government/equalization/index.php
Berrien,//duckduckgo.com/l/?uddg=https%3A%2F%2Fgis.berriencountymi.gov%2Fportal%2Fhome%2F&rut=45c8ab795cfd15a7558f06bc3230db5590dc2ed75e15be4d5376f1a6f45d2b31,https://gis.berriencountymi.gov/portal/home/,200,https://gis.berriencountymi.gov/portal/home/
Branch,//duckduckgo.com/l/?uddg=https%3A%2F%2Fbranchcounty.gov%2Fdepartments%2Fequalization%2Fgis%2Dmap%2Dviewer%2F&rut=aa403b15b45dd6c5bd9a5a116d6af5b4b4aa12457bac3341f3ca6b8de59a1176,https://branchcounty.gov/departments/equalization/gis-map-viewer/,403,https://branchcounty.gov/departments/equalization/gis-map-viewer/
Calhoun,//duckduckgo.com/l/?uddg=https%3A%2F%2Fmaps.calhouncountymi.gov%2F&rut=5d8cac28a57e585ddeb3cc902904ac222fcd82a66e95c1718a90eb21ceec606a,https://maps.calhouncountymi.gov/,200,https://maps.calhouncountymi.gov/
Cass,//duckduckgo.com/l/?uddg=https%3A%2F%2Fwww.casscountymi.org%2F1345%2FGeographic%2DInformation%2DSystems&rut=cc265d3f18bfb4b09b3f526ccc1830580f2a68af0825b3c39d0e45b38c90c7d1,https://www.casscountymi.org/1345/Geographic-Information-Systems,200,https://www.casscountymi.org/1345/Geographic-Information-Systems
Charlevoix,//duckduckgo.com/l/?uddg=https%3A%2F%2Fwww.charlevoixcounty.org%2Fonline_services%2Findex.php&rut=366fa1db25b15725ed18240d7977b3f2f3deb69a8e6148b364780582ed49fffa,https://www.charlevoixcounty.org/online_services/index.php,200,https://www.charlevoixcounty.org/online_services/index.php
Cheboygan,//duckduckgo.com/l/?uddg=https%3A%2F%2Fwww.cheboygancounty.net%2Fdepartments%2Dservices%2Fequalization%2Fgis%2F&rut=5cde0e398af1ab67fbe958aaf81cfd790f36a5ce7e087d4984f3712e455d80b1,https://www.cheboygancounty.net/departments-services/equalization/gis/,200,https://www.cheboygancounty.net/departments-services/equalization/gis/
Chippewa,//duckduckgo.com/l/?uddg=https%3A%2F%2Fwww.chippewacountymi.gov%2F&rut=aed4821216c374812bc7789d847ff7d566b4a5639e2101ae0856690a0fc9a1c2,https://www.chippewacountymi.gov/,200,https://www.chippewacountymi.gov/
Clare,//duckduckgo.com/l/?uddg=https%3A%2F%2Fapp.fetchgis.com%2F%3FcurrentMap%3Dclare&rut=418d0e81d24fca5b38170d952d1fbd785740084a386b3c35a740fa3b9799b079,https://app.fetchgis.com/?currentMap=clare,200,https://app.fetchgis.com/?currentMap=clare
Clinton,//duckduckgo.com/l/?uddg=https%3A%2F%2Fwww.clinton%2Dcounty.org%2F238%2FOnline%2DMapping&rut=b52ae0903f8c2ffb35e50f087f61ff9a8aaa877af97424ef2502d34720ad5684,https://www.clinton-county.org/238/Online-Mapping,200,https://www.clinton-county.org/238/Online-Mapping
Crawford,//duckduckgo.com/l/?uddg=https%3A%2F%2Fwww.crawfordco.org%2Fonline%2Dservices%2F&rut=4c53886657da4dd77f3c65e268c5b22be28b7696208b2d4da213e2acec41de1f,https://www.crawfordco.org/online-services/,200,https://www.crawfordco.org/online-services/
Delta,//duckduckgo.com/l/?uddg=https%3A%2F%2Fcuppad.org%2Fmapping%2Dgis%2F&rut=62865b550310e7b821eec022c672a0525735c6aab56143b68fbab722095416ad,https://cuppad.org/mapping-gis/,200,https://cuppad.org/mapping-gis/
Dickinson,//duckduckgo.com/l/?uddg=https%3A%2F%2Fwww.dickinsoncountymi.gov%2Fgovernment%2Fcounty_departments%2Fequalization.php&rut=d7e6b3c954cd01a73505a65d690c0a1b60d0f25012010d7f3fa4c0e7f64c7cfc,https://www.dickinsoncountymi.gov/government/county_departments/equalization.php,200,https://www.dickinsoncountymi.gov/government/county_departments/equalization.php
Eaton,//duckduckgo.com/l/?uddg=https%3A%2F%2Fecgis.maps.arcgis.com%2Fhome%2Findex.html&rut=249330730cf290b2697a638f30cf0253d6af25f6cdbd74ccc08c0b48bcf7aedc,https://ecgis.maps.arcgis.com/home/index.html,200,https://ecgis.maps.arcgis.com/home/index.html
Emmet,//duckduckgo.com/l/?uddg=https%3A%2F%2Fwww.emmetcounty.org%2Fdepartments%2Fgis%2Findex.php&rut=989fd8a67dd71f218035f942b06712f36ccadbc213c4ed3f2689305bb2082db6,https://www.emmetcounty.org/departments/gis/index.php,200,https://www.emmetcounty.org/departments/gis/index.php
Genesee,//duckduckgo.com/l/?uddg=https%3A%2F%2Fwww.geneseecountymi.gov%2Fdepartments%2Fgis%2Findex.php&rut=468523e1b4183c2cfb9fc7c98d9320747f5d9f1e83c99408a70da2d0d4d074e8,https://www.geneseecountymi.gov/departments/gis/index.php,200,https://www.geneseecountymi.gov/departments/gis/index.php
Gladwin,//duckduckgo.com/l/?uddg=https%3A%2F%2Fapp.fetchgis.com%2F%3FcurrentMap%3Dgladwin&rut=a55f0cea8eebc1a73adddc061174fd020fd1d1bce972f9f5f82f13aa0dd1fff7,https://app.fetchgis.com/?currentMap=gladwin,200,https://app.fetchgis.com/?currentMap=gladwin
Gogebic,//duckduckgo.com/l/?uddg=https%3A%2F%2Fwww.gogebic.gov%2Fgovernment%2Fcounty_offices%2Fgis_map_system.php&rut=dc3e1fb042718f063ef8577fcb84b7fab5d05a5cd530d32b967e78ebc36b5726,https://www.gogebic.gov/government/county_offices/gis_map_system.php,200,https://www.gogebic.gov/government/county_offices/gis_map_system.php
Grand Traverse,//duckduckgo.com/l/?uddg=https%3A%2F%2Fwww.gtcountymi.gov%2F551%2FParcel%2DInformation&rut=d338850cf9f27a9e3a21c363f58abb04f45c7c650b77f09905e9dbdbbabce3bd,https://www.gtcountymi.gov/551/Parcel-Information,200,https://www.gtcountymi.gov/551/Parcel-Information
Gratiot,//duckduckgo.com/l/?uddg=https%3A%2F%2Fwww.gratiotmi.com%2F437%2FGeographic%2DInformation%2DServices%2DGIS&rut=35d1d1f997afabc5870978bea210186ce9436d19116743b3ad7953cf89d44ede,https://www.gratiotmi.com/437/Geographic-Information-Services-GIS,200,https://www.gratiotmi.com/437/Geographic-Information-Services-GIS
Hillsdale,//duckduckgo.com/l/?uddg=https%3A%2F%2Fhillsdalecounty.gov%2Findex.php%2Ftm%2Dgov%2Ftsm%2Dgov%2Deq%2Dland%2Fgis%2Donline%2Dmaps&rut=493b4216fea23456763e3db02cf989744aebd6fc62e13f9238a7d6bc166adbfd,https://hillsdalecounty.gov/index.php/tm-gov/tsm-gov-eq-land/gis-online-maps,200,https://hillsdalecounty.gov/index.php/tm-gov/tsm-gov-eq-land/gis-online-maps
Houghton,//duckduckgo.com/l/?uddg=https%3A%2F%2Fhoughtoncounty.maps.arcgis.com%2Fapps%2Fmapviewer%2Findex.html&rut=3b4d4079aea15e567362caf9d917b936318bc76fb5ce0952c32b48d15511bbfe,https://houghtoncounty.maps.arcgis.com/apps/mapviewer/index.html,200,https://houghtoncounty.maps.arcgis.com/apps/mapviewer/index.html
Huron,//duckduckgo.com/l/?uddg=https%3A%2F%2Fwww.co.huron.mi.us%2Fgis&rut=5b605a6efb06e5cb50f2d2ef562677f0988ba05a16a7c62f4416b7a5b0d87fd7,https://www.co.huron.mi.us/gis,200,https://www.co.huron.mi.us/gis
Ingham,//duckduckgo.com/l/?uddg=https%3A%2F%2Fapp.fetchgis.com%2F%3FcurrentMap%3DIngham&rut=725251ade0c638bee211e6bef10b5b6c77c6bf8d88b6abf4f4e88dcbf07d5599,https://app.fetchgis.com/?currentMap=Ingham,200,https://app.fetchgis.com/?currentMap=Ingham
Ionia,//duckduckgo.com/l/?uddg=https%3A%2F%2Fioniacounty.maps.arcgis.com%2Fapps%2Fwebappviewer%2Findex.html%3Fid%3D5580408d1a1145cebb561641a5c9895c&rut=665bd05cd68c2098fd75a08471d3a797ca74c3d99d074bb68393820889928c46,https://ioniacounty.maps.arcgis.com/apps/webappviewer/index.html?id=5580408d1a1145cebb561641a5c9895c,200,https://ioniacounty.maps.arcgis.com/apps/webappviewer/index.html?id=5580408d1a1145cebb561641a5c9895c
Iosco,//duckduckgo.com/l/?uddg=https%3A%2F%2Fiosco.net%2Fonline%2Dservices%2F&rut=a1113d2b580ab06f5fc963584021f882dec8f26a87076657c701bea75c8f7a11,https://iosco.net/online-services/,403,https://iosco.net/online-services/
Iron,//duckduckgo.com/l/?uddg=https%3A%2F%2Firongis.maps.arcgis.com%2F&rut=aa5d915355a6e1415c1b31adc48add322c67e2db5c0ff4b769dbc27250fb4e63,https://irongis.maps.arcgis.com/,200,https://irongis.maps.arcgis.com/home/index.html
Isabella,//duckduckgo.com/l/?uddg=https%3A%2F%2Fwww.isabellacounty.org%2Fdepartments%2Fcommunity%2Ddevelopment%2Fgis%2Dmapping%2Finteractive%2Dgis%2Dmap%2F&rut=c8f480ed72db17fa9307ec6f619f06626b8755f7de051ae77061c3f900e4b79d,https://www.isabellacounty.org/departments/community-development/gis-mapping/interactive-gis-map/,200,https://www.isabellacounty.org/departments/community-development/gis-mapping/interactive-gis-map/
Jackson,//duckduckgo.com/l/?uddg=https%3A%2F%2Fgis.mijackson.org%2FTaxViewer%2F&rut=6785b21a7cba4c520e82f62ebb15faa80e93a6e23ae6ae6ea6f32a189642654a,https://gis.mijackson.org/TaxViewer/,200,https://gis.mijackson.org/TaxViewer/
Kalamazoo,//duckduckgo.com/l/?uddg=https%3A%2F%2Fwww.kalcounty.gov%2Fplanning%2Fgis.htm&rut=63d590226334770e91ba81aacd4c1530f48407ba716d83eb9f394c6614f54b88,https://www.kalcounty.gov/planning/gis.htm,200,https://www.kalcounty.gov/planning/gis.htm
Kalkaska,//duckduckgo.com/l/?uddg=https%3A%2F%2Fwww.kalkaskacounty.net%2Fdepartments%2Fequalization%2Findex.php&rut=2219344f36ebc96da6c2ae52e60b4a24eb4562dbf98ba78ce80fd7affb74dd0c,https://www.kalkaskacounty.net/departments/equalization/index.php,200,https://www.kalkaskacounty.net/departments/equalization/index.php
Kent,//duckduckgo.com/l/?uddg=https%3A%2F%2Fgis.kentcountymi.gov%2Fpublic%2Fpublicviewerjs%2F&rut=473d1a4488d85c9524dca79b391e74319ca71d01873daf1643ca8f72328f2096,https://gis.kentcountymi.gov/public/publicviewerjs/,200,https://gis.kentcountymi.gov/public/publicviewerjs/
Keweenaw,//duckduckgo.com/l/?uddg=https%3A%2F%2Fkeweenawcountyonline.org%2Fdepartment%2Dequal.php&rut=63d72ec948af4e584ab7a06a4beb416f15f255c67313db5f7a90205a078c28ff,https://keweenawcountyonline.org/department-equal.php,200,https://keweenawcountyonline.org/department-equal.php
Lake,//duckduckgo.com/l/?uddg=https%3A%2F%2Flakecounty%2Dmi.maps.arcgis.com%2Fapps%2Fwebappviewer%2Findex.html%3Fid%3Dafaee30ca6e542c0876f9996d9d72452&rut=51d6ac822c378e17e540d301d3a9876b8bdfad0dd29aeef35e90c0ba17c64cb2,https://lakecounty-mi.maps.arcgis.com/apps/webappviewer/index.html?id=afaee30ca6e542c0876f9996d9d72452,200,https://lakecounty-mi.maps.arcgis.com/apps/webappviewer/index.html?id=afaee30ca6e542c0876f9996d9d72452
Lapeer,//duckduckgo.com/l/?uddg=https%3A%2F%2Flapeercountymi.gov%2Fdepartments%2Ftreasurer%2Fmapping_information%2Findex.php&rut=1a12cde1601eeb3292eaa6d55e77e27aa83613b24bfb4ef5632cd1fae9542f3b,https://lapeercountymi.gov/departments/treasurer/mapping_information/index.php,200,https://lapeercountymi.gov/departments/treasurer/mapping_information/index.php
Leelanau,//duckduckgo.com/l/?uddg=https%3A%2F%2Fleelanau.maps.arcgis.com%2Fhome%2Findex.html&rut=2f16801d5971990c0214993d43ea62cf60d62745f927e7ea39773b12e69b8d51,https://leelanau.maps.arcgis.com/home/index.html,200,https://leelanau.maps.arcgis.com/home/index.html
Lenawee,//duckduckgo.com/l/?uddg=https%3A%2F%2Fwww.lenawee.mi.us%2F214%2FMapping%2DGIS&rut=a6c6aedd595d987c745996cde649cedb4df9660c90dbfefacf41d59ce5323b61,https://www.lenawee.mi.us/214/Mapping-GIS,200,https://www.lenawee.mi.us/214/Mapping-GIS
Livingston,//duckduckgo.com/l/?uddg=https%3A%2F%2Fmilivcounty.gov%2Fgis%2Finteractive%2Dparcel%2Dviewer%2F&rut=cf514f270a29ae2c581ef6e436909662c8759b4d426c905bd64791d3e2d0fd1d,https://milivcounty.gov/gis/interactive-parcel-viewer/,403,https://milivcounty.gov/gis/interactive-parcel-viewer/
Luce,//duckduckgo.com/l/?uddg=https%3A%2F%2Fwww.arcgis.com%2Fhome%2Fitem.html%3Fid%3Dd829cf5ae1514582882c3d96e2b1d21d&rut=ec00d67dc067b378c79fe35b7b268ceadcb061801062249956eb0d08fe96f5f5,https://www.arcgis.com/home/item.html?id=d829cf5ae1514582882c3d96e2b1d21d,200,https://www.arcgis.com/home/item.html?id=d829cf5ae1514582882c3d96e2b1d21d
Mackinac,//duckduckgo.com/l/?uddg=https%3A%2F%2Fwww.mackinaccounty.net%2Fdepartments%2Fgis%2F&rut=85e2857dd0351b7e3a06cdf49497067c79326ab8df2be7e4c4c3190a519cccce,https://www.mackinaccounty.net/departments/gis/,200,https://www.mackinaccounty.net/departments/gis/
Macomb,//duckduckgo.com/l/?uddg=http%3A%2F%2Fgis.macombgov.org%2F&rut=70995ff5fee5253f8982945de4472fe81de0824eb28b31579ab28b2a37aac86c,http://gis.macombgov.org/,200,https://gis.macombgov.org/portal1/apps/sites/#/home
Manistee,//duckduckgo.com/l/?uddg=https%3A%2F%2Fwww.manisteecountymi.gov%2F333%2FProperty%2DSearch&rut=bbd24d51c71f81bc0cfaa799cde5444ad17fc6ded9abf387f62b0b2fea8a4c63,https://www.manisteecountymi.gov/333/Property-Search,200,https://www.manisteecountymi.gov/333/Property-Search
Marquette,//duckduckgo.com/l/?uddg=https%3A%2F%2Fwww.co.marquette.mi.us%2Fdepartments%2Fequalization_tax_roll%2Fgis_mapping.php&rut=cda60ed2e91f3666e51fb165e27df487cc758db8128f7dbdea321fa8db544382,https://www.co.marquette.mi.us/departments/equalization_tax_roll/gis_mapping.php,200,https://www.co.marquette.mi.us/departments/equalization_tax_roll/gis_mapping.php
Mason,//duckduckgo.com/l/?uddg=https%3A%2F%2Fmasoncoassessor.maps.arcgis.com%2Fapps%2Fwebappviewer%2Findex.html&rut=c2efbd26681cf35ae7ee4b38cb52bafb62c5776155cd1936a65d142f9aa9910b,https://masoncoassessor.maps.arcgis.com/apps/webappviewer/index.html,200,https://masoncoassessor.maps.arcgis.com/apps/webappviewer/index.html
Mecosta,//duckduckgo.com/l/?uddg=https%3A%2F%2Fapp.regrid.com%2Fus%2Fmi%2Fmecosta&rut=c7eccb6c59103268d9d33255870dea8edbf1a1b7da8c851a2962bc7feb18828f,https://app.regrid.com/us/mi/mecosta,200,https://app.regrid.com/us/mi/mecosta
Menominee,//duckduckgo.com/l/?uddg=https%3A%2F%2Fwww.menomineecounty.com%2Fdepartments%2Fland%2Dinformation%2Dservices%2Dgis%2F&rut=23f0b6a7011a2f589326ce4cabe6c4782bbda2e0c2fe8f88e3f9fc3fdb3da854,https://www.menomineecounty.com/departments/land-information-services-gis/,200,https://www.menomineecounty.com/departments/land-information-services-gis/
Midland,//duckduckgo.com/l/?uddg=https%3A%2F%2Fmidlandcountymi.gov%2FGIS&rut=14598a46ee1785ef700da5ecf6bbfc08ae61fce61fa85b03df3edbdb42757b51,https://midlandcountymi.gov/GIS,200,https://midlandcountymi.gov/GIS
Missaukee,//duckduckgo.com/l/?uddg=https%3A%2F%2Fwww.missaukee.org%2Fdepartments%2Fequalization%2Fmissaukee_county_gis.php&rut=f996286ad182d9834c00a93f138586cb8a461bb5be8b10b373b527ead114a059,https://www.missaukee.org/departments/equalization/missaukee_county_gis.php,200,https://www.missaukee.org/departments/equalization/missaukee_county_gis.php
Monroe,//duckduckgo.com/l/?uddg=https%3A%2F%2Fmonroe%2Dcounty%2Dmichigan%2Dgis%2Dmonroemi.hub.arcgis.com%2F&rut=9a9b15643fc224cc7dda44e36cd8e8b7d542c74a999f30cf1159f25317002e0f,https://monroe-county-michigan-gis-monroemi.hub.arcgis.com/,200,https://monroe-county-michigan-gis-monroemi.hub.arcgis.com/
Montcalm,//duckduckgo.com/l/?uddg=https%3A%2F%2Fwww.montcalm.us%2F162%2FMaps%2DParcel%2DInformation&rut=e15ac0c3f7ffc62f9faba58ebb67aeb5bba5b3a3583d1c30fbd74b16e6c3dbac,https://www.montcalm.us/162/Maps-Parcel-Information,200,https://www.montcalm.us/162/Maps-Parcel-Information
Montmorency,//duckduckgo.com/l/?uddg=https%3A%2F%2Fwww.montcounty.org%2Fgis.html&rut=537c4041eb46a5a7ebd57cb5a0fec4b304b33a06002154a24443f3a44488c7c9,https://www.montcounty.org/gis.html,200,https://www.montcounty.org/gis.html
Muskegon,//duckduckgo.com/l/?uddg=https%3A%2F%2Fmaps.muskegoncountygis.com%2Fportal%2Fapps%2Fwebappviewer%2Findex.html%3Fid%3D4741564b03aa46de80769afacae95f2c&rut=c7bd8fddad69000ea36ab3e297f8f4d22d6b503a69d0bc2fc09f3bd4b6069924,https://maps.muskegoncountygis.com/portal/apps/webappviewer/index.html?id=4741564b03aa46de80769afacae95f2c,200,https://maps.muskegoncountygis.com/portal/apps/webappviewer/index.html?id=4741564b03aa46de80769afacae95f2c
Newaygo,//duckduckgo.com/l/?uddg=https%3A%2F%2Fwww.newaygocountymi.gov%2Fgis%2Fgis%2F&rut=65cb07841ebadf76e52a3fb51b5839d19cb22d04774f7f4aef03c4db2812d1f6,https://www.newaygocountymi.gov/gis/gis/,200,https://www.newaygocountymi.gov/gis/gis/
Oakland,//duckduckgo.com/l/?uddg=https%3A%2F%2Fgis.oakgov.com%2Fpropertygateway%2Fhome.mvc&rut=0fef16bb9c6973870e9bdc2ba21d4e94cd7ba6245ef568cd4cf0c2f7362d6a52,https://gis.oakgov.com/propertygateway/home.mvc,200,https://gis.oakgov.com/propertygateway/home.mvc
Oceana,//duckduckgo.com/l/?uddg=https%3A%2F%2Foceana.mi.us%2Fgovernment%2Fonline%2Dservices%2Dalt%2Fonline%2Dtools%2Ddata%2Fgis%2Dinteractive%2Dmap%2F&rut=fa2f71ec244266db2c837875bfeb73159a8e7e8164cae07948aa5f0d9d59ffe6,https://oceana.mi.us/government/online-services-alt/online-tools-data/gis-interactive-map/,200,https://oceana.mi.us/government/online-services-alt/online-tools-data/gis-interactive-map/
Ogemaw,//duckduckgo.com/l/?uddg=https%3A%2F%2Fwww.ocmi.us%2Fgis%2F&rut=29c73f11bc56131a1f1fb7bd8bffd8246d68ffdaf31ce129107216b52ebce6f3,https://www.ocmi.us/gis/,200,https://www.ocmi.us/gis/
Ontonagon,//duckduckgo.com/l/?uddg=https%3A%2F%2Fontonagoncounty.org%2Fhome%2Fresources%2F&rut=883f236070fe7886d4d97613de72e8bc5475ed9762bf652c1f3e8168f82a971b,https://ontonagoncounty.org/home/resources/,200,https://ontonagoncounty.org/home/resources/
Osceola,//duckduckgo.com/l/?uddg=https%3A%2F%2Fexperience.arcgis.com%2Fexperience%2Fb12c7ea7c1584962a572b9b740476ffc&rut=f53a15f99c8b81fe5db584051fd4540ad21c34fa6dd9d6ee3b8cda12cd9cdb97,https://experience.arcgis.com/experience/b12c7ea7c1584962a572b9b740476ffc,200,https://experience.arcgis.com/experience/b12c7ea7c1584962a572b9b740476ffc
Oscoda,//duckduckgo.com/l/?uddg=https%3A%2F%2Fwww.oscodacountymi.com%2Fequalization%2Fgis%2Dmapping%2F&rut=6f7a499cc62929f9af7bcb47c2fcffd691498d7d9ad0636f9f1dc8fd7128c0e2,https://www.oscodacountymi.com/equalization/gis-mapping/,200,https://www.oscodacountymi.com/equalization/gis-mapping/
Otsego,//duckduckgo.com/l/?uddg=https%3A%2F%2Fwww.otsegocountymi.gov%2F179%2FProperty%2DSearch&rut=43b0a7dcfb22a3cc30e620f850b81b16506485b5fedb7af034f75367f9eb6974,https://www.otsegocountymi.gov/179/Property-Search,200,https://www.otsegocountymi.gov/179/Property-Search
Ottawa,//duckduckgo.com/l/?uddg=https%3A%2F%2Fgis.miottawa.org%2Fottawa%2Fgeocortex%2Fpropertymapping%2F&rut=8599fd0486a42e637468986964fc0725a651af234d5667d2e959bccd43e5ce63,https://gis.miottawa.org/ottawa/geocortex/propertymapping/,200,https://gis.miottawa.org/ottawa/geocortex/propertymapping/
Presque Isle,//duckduckgo.com/l/?uddg=https%3A%2F%2Fbeacon.schneidercorp.com%2F%3Fsite%3DPresqueIsleCountyMI&rut=1ebe356178c05fbe1b140596853a95e0d1303a340cf77ec4abde899084ba9045,https://beacon.schneidercorp.com/?site=PresqueIsleCountyMI,403,https://beacon.schneidercorp.com/?site=PresqueIsleCountyMI
Roscommon,//duckduckgo.com/l/?uddg=https%3A%2F%2Froscommoncounty.maps.arcgis.com%2Fapps%2Fwebappviewer%2Findex.html%3Fid%3Dd0b928a07dfc4566bf4ed802dd73a43b&rut=e405b716591601043bf47a39cd18bb56c1c0034fe59f632ac8637278c5e084a8,https://roscommoncounty.maps.arcgis.com/apps/webappviewer/index.html?id=d0b928a07dfc4566bf4ed802dd73a43b,200,https://roscommoncounty.maps.arcgis.com/apps/webappviewer/index.html?id=d0b928a07dfc4566bf4ed802dd73a43b
Saginaw,//duckduckgo.com/l/?uddg=https%3A%2F%2Fwww.sagagis.org%2F&rut=d719c7e51cfc335b6dd57204f0addcfd8e6999607bc96c8ffce6985e3b4174ec,https://www.sagagis.org/,200,https://www.sagagis.org/
St. Clair,//duckduckgo.com/l/?uddg=https%3A%2F%2Fwww.stclaircounty.org%2FOffices%2F15&rut=7a7df744c005c90f28c66887b4f66ea8d525b00796b0633667939dd32b02b75b,https://www.stclaircounty.org/Offices/15,200,https://www.stclaircounty.org/Offices/15
St. Joseph,//duckduckgo.com/l/?uddg=https%3A%2F%2Fstjosephcountymi.gov%2Fgovernment%2Fgeographic%2Dinformation%2Dsystems%2Dgis%2F&rut=579a157afd0883acbc7d0f080aad46af3daacb914b5143c09b1409158a1a6824,https://stjosephcountymi.gov/government/geographic-information-systems-gis/,200,https://stjosephcountymi.gov/government/geographic-information-systems-gis/
Sanilac,//duckduckgo.com/l/?uddg=https%3A%2F%2Fwww.sanilaccounty.gov%2Fcommunity%2Fservices%2Fgis_mapping%2Findex.php&rut=2f4f68c8a9ed445a36d2d8c1519e69092192aabbf0eba76137f9eb79ed138018,https://www.sanilaccounty.gov/community/services/gis_mapping/index.php,200,https://www.sanilaccounty.gov/community/services/gis_mapping/index.php
Schoolcraft,//duckduckgo.com/l/?uddg=https%3A%2F%2Fwww.schoolcraftcounty.net%2Fdepartments%2Fequalization&rut=994f83bf9b37633917e4206a0af9c003842ebcdc48dea34a8fa53bfa7ce78f6c,https://www.schoolcraftcounty.net/departments/equalization,200,https://www.schoolcraftcounty.net/departments/equalization
Shiawassee,//duckduckgo.com/l/?uddg=https%3A%2F%2Fshiawassee.net%2FGIS%2F&rut=f97178ebd82f450b635bc5d8b930ca998efe97fab2ae6450230b853b051ab168,https://shiawassee.net/GIS/,200,https://shiawassee.net/GIS/
Tuscola,//duckduckgo.com/l/?uddg=https%3A%2F%2Fwww.tuscolacounty.org%2Fgis%2F&rut=2b9b3c5b26928304ac1360c4892b2ae1b350f1d9931b629906d74b4b87ce1d9f,https://www.tuscolacounty.org/gis/,200,https://www.tuscolacounty.org/gis/
Van Buren,//duckduckgo.com/l/?uddg=https%3A%2F%2Fgis.vanburencountymi.gov%2Fvan%2Dburen%2Dcounty%2Dmi%2Fmaps%2F139519%2Fparcel%2Dviewer%2Dbeta%2D&rut=90d7743408323a56cffc022178be07cbff9e04509c94444ffd14ab208e7c8cd7,https://gis.vanburencountymi.gov/van-buren-county-mi/maps/139519/parcel-viewer-beta-,200,https://gis.vanburencountymi.gov/van-buren-county-mi/maps/139519/parcel-viewer-beta-
Washtenaw,//duckduckgo.com/l/?uddg=https%3A%2F%2Fwashtenaw.maps.arcgis.com%2Fapps%2Fwebappviewer%2Findex.html&rut=ab8dc576640bf9f86409fc321400878ef41e0e9644006f566c4964ecd250a73f,https://washtenaw.maps.arcgis.com/apps/webappviewer/index.html,200,https://washtenaw.maps.arcgis.com/apps/webappviewer/index.html
Wayne,//duckduckgo.com/l/?uddg=https%3A%2F%2Fwww.waynecountymi.gov%2FGovernment%2FDepartments%2FInformation%2DTechnology%2FMaps%2DData%2FInteractive%2DMaps&rut=046f00bf3506f05a5a6b70982388b833c587b7715b604407d6b5c4bf4d5ff768,https://www.waynecountymi.gov/Government/Departments/Information-Technology/Maps-Data/Interactive-Maps,403,https://www.waynecountymi.gov/Government/Departments/Information-Technology/Maps-Data/Interactive-Maps
Wexford,//duckduckgo.com/l/?uddg=https%3A%2F%2Fwexfordcounty.org%2F%3Fpage_id%3D705&rut=518e49fe0ee78170f5146f0d602be9c15876895e915dbb228f85a5d0216d24d6,https://wexfordcounty.org/?page_id=705,200,https://wexfordcounty.org/?page_id=705
